row_id,attacker,victim,attack_type,clean_sim,adv_sim,threshold,breach,impact
0,Facenet512,ArcFace,impersonation_attack,0.2114,0.4839,0.5,False,0.2725
0,Facenet512,GhostFaceNet,impersonation_attack,0.0863,0.0784,0.5,False,-0.0079
0,Facenet512,VGG-Face,impersonation_attack,0.0917,0.3576,0.5,False,0.2659
0,ArcFace,Facenet512,impersonation_attack,0.2038,0.6431,0.5,True,0.4393
0,ArcFace,GhostFaceNet,impersonation_attack,0.0863,0.1077,0.5,False,0.0213
0,ArcFace,VGG-Face,impersonation_attack,0.0917,0.3002,0.5,False,0.2085
0,GhostFaceNet,Facenet512,impersonation_attack,0.2038,0.3045,0.5,False,0.1007
0,GhostFaceNet,ArcFace,impersonation_attack,0.2114,0.3153,0.5,False,0.1039
0,GhostFaceNet,VGG-Face,impersonation_attack,0.0917,0.163,0.5,False,0.0713
0,VGG-Face,Facenet512,impersonation_attack,0.2038,0.7164,0.5,True,0.5126
0,VGG-Face,ArcFace,impersonation_attack,0.2114,0.5027,0.5,True,0.2913
0,VGG-Face,GhostFaceNet,impersonation_attack,0.0863,0.0484,0.5,False,-0.038
32,Facenet512,ArcFace,impersonation_attack,0.023,0.2632,0.5,False,0.2402
32,Facenet512,GhostFaceNet,impersonation_attack,0.1128,0.1538,0.5,False,0.041
32,Facenet512,VGG-Face,impersonation_attack,0.1674,0.2666,0.5,False,0.0992
32,ArcFace,Facenet512,impersonation_attack,0.0512,0.4434,0.5,False,0.3922
32,ArcFace,GhostFaceNet,impersonation_attack,0.1128,0.0977,0.5,False,-0.0151
32,ArcFace,VGG-Face,impersonation_attack,0.1674,0.2591,0.5,False,0.0917
32,GhostFaceNet,Facenet512,impersonation_attack,0.0512,0.2552,0.5,False,0.204
32,GhostFaceNet,ArcFace,impersonation_attack,0.023,0.1687,0.5,False,0.1458
32,GhostFaceNet,VGG-Face,impersonation_attack,0.1674,0.1909,0.5,False,0.0235
32,VGG-Face,Facenet512,impersonation_attack,0.0512,0.4739,0.5,False,0.4227
32,VGG-Face,ArcFace,impersonation_attack,0.023,0.2734,0.5,False,0.2505
32,VGG-Face,GhostFaceNet,impersonation_attack,0.1128,0.1569,0.5,False,0.0441
48,Facenet512,ArcFace,impersonation_attack,0.1084,0.2384,0.5,False,0.13
48,Facenet512,GhostFaceNet,impersonation_attack,0.2054,0.3064,0.5,False,0.101
48,Facenet512,VGG-Face,impersonation_attack,0.0496,0.1202,0.5,False,0.0706
48,ArcFace,Facenet512,impersonation_attack,-0.1589,-0.015,0.5,False,0.1439
48,ArcFace,GhostFaceNet,impersonation_attack,0.2054,0.318,0.5,False,0.1126
48,ArcFace,VGG-Face,impersonation_attack,0.0496,0.109,0.5,False,0.0594
48,GhostFaceNet,Facenet512,impersonation_attack,-0.1589,-0.145,0.5,False,0.0139
48,GhostFaceNet,ArcFace,impersonation_attack,0.1084,0.1555,0.5,False,0.0472
48,GhostFaceNet,VGG-Face,impersonation_attack,0.0496,0.055,0.5,False,0.0053
48,VGG-Face,Facenet512,impersonation_attack,-0.1589,0.14,0.5,False,0.2989
48,VGG-Face,ArcFace,impersonation_attack,0.1084,0.2704,0.5,False,0.1621
48,VGG-Face,GhostFaceNet,impersonation_attack,0.2054,0.2722,0.5,False,0.0668
57,Facenet512,ArcFace,impersonation_attack,0.2939,0.2848,0.5,False,-0.0091
57,Facenet512,GhostFaceNet,impersonation_attack,-0.0248,0.1109,0.5,False,0.1357
57,Facenet512,VGG-Face,impersonation_attack,0.1559,0.3296,0.5,False,0.1737
57,ArcFace,Facenet512,impersonation_attack,0.1257,0.3784,0.5,False,0.2527
57,ArcFace,GhostFaceNet,impersonation_attack,-0.0248,0.0236,0.5,False,0.0484
57,ArcFace,VGG-Face,impersonation_attack,0.1559,0.2524,0.5,False,0.0964
57,GhostFaceNet,Facenet512,impersonation_attack,0.1257,0.2644,0.5,False,0.1388
57,GhostFaceNet,ArcFace,impersonation_attack,0.2939,0.3652,0.5,False,0.0712
57,GhostFaceNet,VGG-Face,impersonation_attack,0.1559,0.161,0.5,False,0.005
57,VGG-Face,Facenet512,impersonation_attack,0.1257,0.4926,0.5,False,0.3669
57,VGG-Face,ArcFace,impersonation_attack,0.2939,0.388,0.5,False,0.0941
57,VGG-Face,GhostFaceNet,impersonation_attack,-0.0248,-0.0197,0.5,False,0.0051
60,Facenet512,ArcFace,impersonation_attack,0.0811,0.3175,0.5,False,0.2364
60,Facenet512,GhostFaceNet,impersonation_attack,-0.015,-0.0125,0.5,False,0.0025
60,Facenet512,VGG-Face,impersonation_attack,0.0474,0.2552,0.5,False,0.2078
60,ArcFace,Facenet512,impersonation_attack,0.1687,0.4239,0.5,False,0.2552
60,ArcFace,GhostFaceNet,impersonation_attack,-0.015,0.016,0.5,False,0.031
60,ArcFace,VGG-Face,impersonation_attack,0.0474,0.1603,0.5,False,0.1128
60,GhostFaceNet,Facenet512,impersonation_attack,0.1687,0.145,0.5,False,-0.0237
60,GhostFaceNet,ArcFace,impersonation_attack,0.0811,0.1541,0.5,False,0.073
60,GhostFaceNet,VGG-Face,impersonation_attack,0.0474,0.0762,0.5,False,0.0287
60,VGG-Face,Facenet512,impersonation_attack,0.1687,0.6359,0.5,True,0.4672
60,VGG-Face,ArcFace,impersonation_attack,0.0811,0.4714,0.5,False,0.3903
60,VGG-Face,GhostFaceNet,impersonation_attack,-0.015,0.1024,0.5,False,0.1174
2,Facenet512,ArcFace,impersonation_attack,0.2291,0.3149,0.5,False,0.0858
2,Facenet512,GhostFaceNet,impersonation_attack,-0.0022,0.0802,0.5,False,0.0824
2,Facenet512,VGG-Face,impersonation_attack,0.0736,0.1867,0.5,False,0.1132
2,ArcFace,Facenet512,impersonation_attack,0.0811,0.3396,0.5,False,0.2585
2,ArcFace,GhostFaceNet,impersonation_attack,-0.0022,0.0522,0.5,False,0.0544
2,ArcFace,VGG-Face,impersonation_attack,0.0736,0.2078,0.5,False,0.1343
2,GhostFaceNet,Facenet512,impersonation_attack,0.0811,0.144,0.5,False,0.063
2,GhostFaceNet,ArcFace,impersonation_attack,0.2291,0.1707,0.5,False,-0.0584
2,GhostFaceNet,VGG-Face,impersonation_attack,0.0736,0.1135,0.5,False,0.0399
2,VGG-Face,Facenet512,impersonation_attack,0.0811,0.5296,0.5,True,0.4486
2,VGG-Face,ArcFace,impersonation_attack,0.2291,0.3185,0.5,False,0.0894
2,VGG-Face,GhostFaceNet,impersonation_attack,-0.0022,0.095,0.5,False,0.0972
8,Facenet512,ArcFace,impersonation_attack,0.1708,0.3012,0.5,False,0.1304
8,Facenet512,GhostFaceNet,impersonation_attack,-0.0084,0.2278,0.5,False,0.2362
8,Facenet512,VGG-Face,impersonation_attack,0.0742,0.1969,0.5,False,0.1227
8,ArcFace,Facenet512,impersonation_attack,-0.2507,0.0291,0.5,False,0.2798
8,ArcFace,GhostFaceNet,impersonation_attack,-0.0084,0.1453,0.5,False,0.1537
8,ArcFace,VGG-Face,impersonation_attack,0.0742,0.1667,0.5,False,0.0926
8,GhostFaceNet,Facenet512,impersonation_attack,-0.2507,0.0842,0.5,False,0.335
8,GhostFaceNet,ArcFace,impersonation_attack,0.1708,0.2988,0.5,False,0.128
8,GhostFaceNet,VGG-Face,impersonation_attack,0.0742,0.0992,0.5,False,0.025
8,VGG-Face,Facenet512,impersonation_attack,-0.2507,0.1805,0.5,False,0.4313
8,VGG-Face,ArcFace,impersonation_attack,0.1708,0.3459,0.5,False,0.1751
8,VGG-Face,GhostFaceNet,impersonation_attack,-0.0084,0.1379,0.5,False,0.1463
12,Facenet512,ArcFace,impersonation_attack,0.2072,0.2654,0.5,False,0.0581
12,Facenet512,GhostFaceNet,impersonation_attack,-0.1018,-0.0359,0.5,False,0.0659
12,Facenet512,VGG-Face,impersonation_attack,0.0685,0.1516,0.5,False,0.0831
12,ArcFace,Facenet512,impersonation_attack,0.0975,0.1789,0.5,False,0.0813
12,ArcFace,GhostFaceNet,impersonation_attack,-0.1018,0.0121,0.5,False,0.1139
12,ArcFace,VGG-Face,impersonation_attack,0.0685,0.0986,0.5,False,0.0301
12,GhostFaceNet,Facenet512,impersonation_attack,0.0975,0.1466,0.5,False,0.049
12,GhostFaceNet,ArcFace,impersonation_attack,0.2072,0.236,0.5,False,0.0287
12,GhostFaceNet,VGG-Face,impersonation_attack,0.0685,0.0827,0.5,False,0.0142
12,VGG-Face,Facenet512,impersonation_attack,0.0975,0.3474,0.5,False,0.2499
12,VGG-Face,ArcFace,impersonation_attack,0.2072,0.2637,0.5,False,0.0565
12,VGG-Face,GhostFaceNet,impersonation_attack,-0.1018,0.0013,0.5,False,0.1031
26,Facenet512,ArcFace,impersonation_attack,0.009,0.068,0.5,False,0.0591
26,Facenet512,GhostFaceNet,impersonation_attack,0.0293,0.05,0.5,False,0.0207
26,Facenet512,VGG-Face,impersonation_attack,0.0276,0.0449,0.5,False,0.0173
26,ArcFace,Facenet512,impersonation_attack,-0.209,-0.0835,0.5,False,0.1255
26,ArcFace,GhostFaceNet,impersonation_attack,0.0293,0.0959,0.5,False,0.0666
26,ArcFace,VGG-Face,impersonation_attack,0.0276,0.0449,0.5,False,0.0174
26,GhostFaceNet,Facenet512,impersonation_attack,-0.209,-0.2191,0.5,False,-0.0101
26,GhostFaceNet,ArcFace,impersonation_attack,0.009,0.0369,0.5,False,0.0279
26,GhostFaceNet,VGG-Face,impersonation_attack,0.0276,0.027,0.5,False,-0.0006
26,VGG-Face,Facenet512,impersonation_attack,-0.209,0.0326,0.5,False,0.2416
26,VGG-Face,ArcFace,impersonation_attack,0.009,0.1623,0.5,False,0.1533
26,VGG-Face,GhostFaceNet,impersonation_attack,0.0293,0.0542,0.5,False,0.0249
34,Facenet512,ArcFace,impersonation_attack,0.1476,0.2813,0.5,False,0.1337
34,Facenet512,GhostFaceNet,impersonation_attack,0.0292,0.0797,0.5,False,0.0505
34,Facenet512,VGG-Face,impersonation_attack,0.149,0.2413,0.5,False,0.0924
34,ArcFace,Facenet512,impersonation_attack,0.0369,0.3667,0.5,False,0.3298
34,ArcFace,GhostFaceNet,impersonation_attack,0.0292,0.0743,0.5,False,0.0451
34,ArcFace,VGG-Face,impersonation_attack,0.149,0.1372,0.5,False,-0.0118
34,GhostFaceNet,Facenet512,impersonation_attack,0.0369,0.0548,0.5,False,0.018
34,GhostFaceNet,ArcFace,impersonation_attack,0.1476,0.1431,0.5,False,-0.0045
34,GhostFaceNet,VGG-Face,impersonation_attack,0.149,0.113,0.5,False,-0.0359
34,VGG-Face,Facenet512,impersonation_attack,0.0369,0.5296,0.5,True,0.4927
34,VGG-Face,ArcFace,impersonation_attack,0.1476,0.2183,0.5,False,0.0707
34,VGG-Face,GhostFaceNet,impersonation_attack,0.0292,0.0704,0.5,False,0.0412
3,Facenet512,ArcFace,impersonation_attack,0.0339,0.1511,0.5,False,0.1172
3,Facenet512,GhostFaceNet,impersonation_attack,0.0734,0.128,0.5,False,0.0546
3,Facenet512,VGG-Face,impersonation_attack,0.058,0.1046,0.5,False,0.0465
3,ArcFace,Facenet512,impersonation_attack,0.0153,0.1196,0.5,False,0.1043
3,ArcFace,GhostFaceNet,impersonation_attack,0.0734,0.1508,0.5,False,0.0775
3,ArcFace,VGG-Face,impersonation_attack,0.058,0.1193,0.5,False,0.0613
3,GhostFaceNet,Facenet512,impersonation_attack,0.0153,0.005,0.5,False,-0.0103
3,GhostFaceNet,ArcFace,impersonation_attack,0.0339,0.1788,0.5,False,0.1448
3,GhostFaceNet,VGG-Face,impersonation_attack,0.058,0.0844,0.5,False,0.0264
3,VGG-Face,Facenet512,impersonation_attack,0.0153,0.0969,0.5,False,0.0816
3,VGG-Face,ArcFace,impersonation_attack,0.0339,0.3852,0.5,False,0.3513
3,VGG-Face,GhostFaceNet,impersonation_attack,0.0734,0.1259,0.5,False,0.0525
5,Facenet512,ArcFace,impersonation_attack,0.0035,0.1309,0.5,False,0.1274
5,Facenet512,GhostFaceNet,impersonation_attack,0.1116,0.1307,0.5,False,0.0191
5,Facenet512,VGG-Face,impersonation_attack,0.0456,0.1033,0.5,False,0.0576
5,ArcFace,Facenet512,impersonation_attack,-0.0816,-0.0627,0.5,False,0.0189
5,ArcFace,GhostFaceNet,impersonation_attack,0.1116,0.1339,0.5,False,0.0223
5,ArcFace,VGG-Face,impersonation_attack,0.0456,0.0734,0.5,False,0.0277
5,GhostFaceNet,Facenet512,impersonation_attack,-0.0816,-0.0313,0.5,False,0.0503
5,GhostFaceNet,ArcFace,impersonation_attack,0.0035,0.064,0.5,False,0.0605
5,GhostFaceNet,VGG-Face,impersonation_attack,0.0456,0.0836,0.5,False,0.0379
5,VGG-Face,Facenet512,impersonation_attack,-0.0816,0.0858,0.5,False,0.1674
5,VGG-Face,ArcFace,impersonation_attack,0.0035,0.1011,0.5,False,0.0976
5,VGG-Face,GhostFaceNet,impersonation_attack,0.1116,0.2063,0.5,False,0.0947
17,Facenet512,ArcFace,impersonation_attack,0.3357,0.5538,0.5,True,0.2181
17,Facenet512,GhostFaceNet,impersonation_attack,-0.0317,0.0684,0.5,False,0.1
17,Facenet512,VGG-Face,impersonation_attack,0.122,0.2689,0.5,False,0.1469
17,ArcFace,Facenet512,impersonation_attack,-0.0132,0.3942,0.5,False,0.4074
17,ArcFace,GhostFaceNet,impersonation_attack,-0.0317,0.0013,0.5,False,0.0329
17,ArcFace,VGG-Face,impersonation_attack,0.122,0.2621,0.5,False,0.1401
17,GhostFaceNet,Facenet512,impersonation_attack,-0.0132,0.2306,0.5,False,0.2438
17,GhostFaceNet,ArcFace,impersonation_attack,0.3357,0.3757,0.5,False,0.04
17,GhostFaceNet,VGG-Face,impersonation_attack,0.122,0.1875,0.5,False,0.0655
17,VGG-Face,Facenet512,impersonation_attack,-0.0132,0.5242,0.5,True,0.5374
17,VGG-Face,ArcFace,impersonation_attack,0.3357,0.5872,0.5,True,0.2515
17,VGG-Face,GhostFaceNet,impersonation_attack,-0.0317,0.0616,0.5,False,0.0933
19,Facenet512,ArcFace,impersonation_attack,0.1918,0.2999,0.5,False,0.1081
19,Facenet512,GhostFaceNet,impersonation_attack,0.052,0.0939,0.5,False,0.0418
19,Facenet512,VGG-Face,impersonation_attack,0.0561,0.1274,0.5,False,0.0713
19,ArcFace,Facenet512,impersonation_attack,0.0531,0.1215,0.5,False,0.0684
19,ArcFace,GhostFaceNet,impersonation_attack,0.052,0.1008,0.5,False,0.0487
19,ArcFace,VGG-Face,impersonation_attack,0.0561,0.1219,0.5,False,0.0658
19,GhostFaceNet,Facenet512,impersonation_attack,0.0531,0.1109,0.5,False,0.0577
19,GhostFaceNet,ArcFace,impersonation_attack,0.1918,0.2746,0.5,False,0.0828
19,GhostFaceNet,VGG-Face,impersonation_attack,0.0561,0.0833,0.5,False,0.0272
19,VGG-Face,Facenet512,impersonation_attack,0.0531,0.1459,0.5,False,0.0927
19,VGG-Face,ArcFace,impersonation_attack,0.1918,0.3565,0.5,False,0.1647
19,VGG-Face,GhostFaceNet,impersonation_attack,0.052,0.0346,0.5,False,-0.0175
21,Facenet512,ArcFace,impersonation_attack,0.1859,0.3438,0.5,False,0.1578
21,Facenet512,GhostFaceNet,impersonation_attack,0.0401,0.1156,0.5,False,0.0755
21,Facenet512,VGG-Face,impersonation_attack,0.0647,0.1073,0.5,False,0.0426
21,ArcFace,Facenet512,impersonation_attack,-0.2024,-0.0578,0.5,False,0.1445
21,ArcFace,GhostFaceNet,impersonation_attack,0.0401,0.1578,0.5,False,0.1178
21,ArcFace,VGG-Face,impersonation_attack,0.0647,0.116,0.5,False,0.0514
21,GhostFaceNet,Facenet512,impersonation_attack,-0.2024,-0.1723,0.5,False,0.03
21,GhostFaceNet,ArcFace,impersonation_attack,0.1859,0.2383,0.5,False,0.0524
21,GhostFaceNet,VGG-Face,impersonation_attack,0.0647,0.0677,0.5,False,0.003
21,VGG-Face,Facenet512,impersonation_attack,-0.2024,-0.0386,0.5,False,0.1638
21,VGG-Face,ArcFace,impersonation_attack,0.1859,0.3698,0.5,False,0.1839
21,VGG-Face,GhostFaceNet,impersonation_attack,0.0401,0.1116,0.5,False,0.0716
6,Facenet512,ArcFace,dodging_attack,0.7489,0.5018,0.5,False,-0.2471
6,Facenet512,GhostFaceNet,dodging_attack,0.5261,0.2747,0.5,True,-0.2514
6,Facenet512,VGG-Face,dodging_attack,0.5951,0.3578,0.5,True,-0.2372
6,ArcFace,Facenet512,dodging_attack,0.7517,0.4359,0.5,True,-0.3158
6,ArcFace,GhostFaceNet,dodging_attack,0.5261,0.4131,0.5,True,-0.113
6,ArcFace,VGG-Face,dodging_attack,0.5951,0.4326,0.5,True,-0.1625
6,GhostFaceNet,Facenet512,dodging_attack,0.7517,0.5961,0.5,False,-0.1555
6,GhostFaceNet,ArcFace,dodging_attack,0.7489,0.7322,0.5,False,-0.0167
6,GhostFaceNet,VGG-Face,dodging_attack,0.5951,0.5456,0.5,False,-0.0495
6,VGG-Face,Facenet512,dodging_attack,0.7517,0.3501,0.5,True,-0.4016
6,VGG-Face,ArcFace,dodging_attack,0.7489,0.5015,0.5,False,-0.2474
6,VGG-Face,GhostFaceNet,dodging_attack,0.5261,0.2378,0.5,True,-0.2882
9,Facenet512,ArcFace,dodging_attack,0.2683,0.1435,0.5,True,-0.1248
9,Facenet512,GhostFaceNet,dodging_attack,0.1964,0.2632,0.5,True,0.0669
9,Facenet512,VGG-Face,dodging_attack,0.5179,0.3506,0.5,True,-0.1673
9,ArcFace,Facenet512,dodging_attack,0.8218,0.7262,0.5,False,-0.0956
9,ArcFace,GhostFaceNet,dodging_attack,0.1964,0.224,0.5,True,0.0276
9,ArcFace,VGG-Face,dodging_attack,0.5179,0.4263,0.5,True,-0.0916
9,GhostFaceNet,Facenet512,dodging_attack,0.8218,0.8095,0.5,False,-0.0123
9,GhostFaceNet,ArcFace,dodging_attack,0.2683,0.2483,0.5,True,-0.02
9,GhostFaceNet,VGG-Face,dodging_attack,0.5179,0.5162,0.5,False,-0.0017
9,VGG-Face,Facenet512,dodging_attack,0.8218,0.5764,0.5,False,-0.2454
9,VGG-Face,ArcFace,dodging_attack,0.2683,0.1831,0.5,True,-0.0852
9,VGG-Face,GhostFaceNet,dodging_attack,0.1964,0.2674,0.5,True,0.071
15,Facenet512,ArcFace,dodging_attack,0.6776,0.4817,0.5,True,-0.1959
15,Facenet512,GhostFaceNet,dodging_attack,0.3439,0.2049,0.5,True,-0.139
15,Facenet512,VGG-Face,dodging_attack,0.5297,0.1914,0.5,True,-0.3383
15,ArcFace,Facenet512,dodging_attack,0.6876,0.4955,0.5,True,-0.1921
15,ArcFace,GhostFaceNet,dodging_attack,0.3439,0.2505,0.5,True,-0.0935
15,ArcFace,VGG-Face,dodging_attack,0.5297,0.3681,0.5,True,-0.1616
15,GhostFaceNet,Facenet512,dodging_attack,0.6876,0.5184,0.5,False,-0.1692
15,GhostFaceNet,ArcFace,dodging_attack,0.6776,0.4777,0.5,True,-0.1999
15,GhostFaceNet,VGG-Face,dodging_attack,0.5297,0.4608,0.5,True,-0.0689
15,VGG-Face,Facenet512,dodging_attack,0.6876,0.1814,0.5,True,-0.5062
15,VGG-Face,ArcFace,dodging_attack,0.6776,0.3818,0.5,True,-0.2958
15,VGG-Face,GhostFaceNet,dodging_attack,0.3439,0.2087,0.5,True,-0.1352
16,Facenet512,ArcFace,dodging_attack,0.6159,0.4373,0.5,True,-0.1786
16,Facenet512,GhostFaceNet,dodging_attack,0.297,0.1588,0.5,True,-0.1382
16,Facenet512,VGG-Face,dodging_attack,0.4387,0.2919,0.5,True,-0.1468
16,ArcFace,Facenet512,dodging_attack,0.7765,0.6397,0.5,False,-0.1368
16,ArcFace,GhostFaceNet,dodging_attack,0.297,0.0945,0.5,True,-0.2024
16,ArcFace,VGG-Face,dodging_attack,0.4387,0.3848,0.5,True,-0.0539
16,GhostFaceNet,Facenet512,dodging_attack,0.7765,0.6588,0.5,False,-0.1178
16,GhostFaceNet,ArcFace,dodging_attack,0.6159,0.4818,0.5,True,-0.1341
16,GhostFaceNet,VGG-Face,dodging_attack,0.4387,0.3813,0.5,True,-0.0575
16,VGG-Face,Facenet512,dodging_attack,0.7765,0.4574,0.5,True,-0.3192
16,VGG-Face,ArcFace,dodging_attack,0.6159,0.406,0.5,True,-0.2099
16,VGG-Face,GhostFaceNet,dodging_attack,0.297,0.1156,0.5,True,-0.1814
23,Facenet512,ArcFace,dodging_attack,0.6419,0.3855,0.5,True,-0.2565
23,Facenet512,GhostFaceNet,dodging_attack,0.223,0.3076,0.5,True,0.0846
23,Facenet512,VGG-Face,dodging_attack,0.558,0.3533,0.5,True,-0.2047
23,ArcFace,Facenet512,dodging_attack,0.7584,0.6399,0.5,False,-0.1185
23,ArcFace,GhostFaceNet,dodging_attack,0.223,0.2809,0.5,True,0.0578
23,ArcFace,VGG-Face,dodging_attack,0.558,0.4818,0.5,True,-0.0762
23,GhostFaceNet,Facenet512,dodging_attack,0.7584,0.7123,0.5,False,-0.0461
23,GhostFaceNet,ArcFace,dodging_attack,0.6419,0.5878,0.5,False,-0.0542
23,GhostFaceNet,VGG-Face,dodging_attack,0.558,0.4927,0.5,True,-0.0653
23,VGG-Face,Facenet512,dodging_attack,0.7584,0.3911,0.5,True,-0.3673
23,VGG-Face,ArcFace,dodging_attack,0.6419,0.4325,0.5,True,-0.2095
23,VGG-Face,GhostFaceNet,dodging_attack,0.223,0.252,0.5,True,0.0289
18,Facenet512,ArcFace,dodging_attack,0.7534,0.3852,0.5,True,-0.3682
18,Facenet512,GhostFaceNet,dodging_attack,0.6572,0.3379,0.5,True,-0.3193
18,Facenet512,VGG-Face,dodging_attack,0.5854,0.2426,0.5,True,-0.3428
18,ArcFace,Facenet512,dodging_attack,0.7128,0.4675,0.5,True,-0.2453
18,ArcFace,GhostFaceNet,dodging_attack,0.6572,0.3023,0.5,True,-0.3548
18,ArcFace,VGG-Face,dodging_attack,0.5854,0.3564,0.5,True,-0.229
18,GhostFaceNet,Facenet512,dodging_attack,0.7128,0.5204,0.5,False,-0.1924
18,GhostFaceNet,ArcFace,dodging_attack,0.7534,0.4247,0.5,True,-0.3287
18,GhostFaceNet,VGG-Face,dodging_attack,0.5854,0.2667,0.5,True,-0.3187
18,VGG-Face,Facenet512,dodging_attack,0.7128,0.3348,0.5,True,-0.378
18,VGG-Face,ArcFace,dodging_attack,0.7534,0.461,0.5,True,-0.2924
18,VGG-Face,GhostFaceNet,dodging_attack,0.6572,0.3013,0.5,True,-0.3559
27,Facenet512,ArcFace,dodging_attack,0.7248,0.494,0.5,True,-0.2308
27,Facenet512,GhostFaceNet,dodging_attack,0.5224,0.256,0.5,True,-0.2664
27,Facenet512,VGG-Face,dodging_attack,0.3985,0.1153,0.5,True,-0.2832
27,ArcFace,Facenet512,dodging_attack,0.8734,0.7091,0.5,False,-0.1643
27,ArcFace,GhostFaceNet,dodging_attack,0.5224,0.2591,0.5,True,-0.2633
27,ArcFace,VGG-Face,dodging_attack,0.3985,0.3339,0.5,True,-0.0646
27,GhostFaceNet,Facenet512,dodging_attack,0.8734,0.7455,0.5,False,-0.1279
27,GhostFaceNet,ArcFace,dodging_attack,0.7248,0.5251,0.5,False,-0.1996
27,GhostFaceNet,VGG-Face,dodging_attack,0.3985,0.3507,0.5,True,-0.0479
27,VGG-Face,Facenet512,dodging_attack,0.8734,0.4429,0.5,True,-0.4306
27,VGG-Face,ArcFace,dodging_attack,0.7248,0.525,0.5,False,-0.1998
27,VGG-Face,GhostFaceNet,dodging_attack,0.5224,0.2838,0.5,True,-0.2386
28,Facenet512,ArcFace,dodging_attack,0.3587,0.1338,0.5,True,-0.2249
28,Facenet512,GhostFaceNet,dodging_attack,0.3263,0.1923,0.5,True,-0.1341
28,Facenet512,VGG-Face,dodging_attack,0.5354,0.4485,0.5,True,-0.0869
28,ArcFace,Facenet512,dodging_attack,0.7959,0.5301,0.5,False,-0.2658
28,ArcFace,GhostFaceNet,dodging_attack,0.3263,0.2234,0.5,True,-0.103
28,ArcFace,VGG-Face,dodging_attack,0.5354,0.549,0.5,False,0.0135
28,GhostFaceNet,Facenet512,dodging_attack,0.7959,0.7268,0.5,False,-0.0691
28,GhostFaceNet,ArcFace,dodging_attack,0.3587,0.2387,0.5,True,-0.12
28,GhostFaceNet,VGG-Face,dodging_attack,0.5354,0.4724,0.5,True,-0.063
28,VGG-Face,Facenet512,dodging_attack,0.7959,0.5803,0.5,False,-0.2156
28,VGG-Face,ArcFace,dodging_attack,0.3587,0.2129,0.5,True,-0.1458
28,VGG-Face,GhostFaceNet,dodging_attack,0.3263,0.2783,0.5,True,-0.048
30,Facenet512,ArcFace,dodging_attack,0.5552,0.258,0.5,True,-0.2972
30,Facenet512,GhostFaceNet,dodging_attack,0.4336,0.235,0.5,True,-0.1985
30,Facenet512,VGG-Face,dodging_attack,0.2953,0.0651,0.5,True,-0.2302
30,ArcFace,Facenet512,dodging_attack,0.7043,0.296,0.5,True,-0.4082
30,ArcFace,GhostFaceNet,dodging_attack,0.4336,0.2493,0.5,True,-0.1842
30,ArcFace,VGG-Face,dodging_attack,0.2953,0.1043,0.5,True,-0.191
30,GhostFaceNet,Facenet512,dodging_attack,0.7043,0.3101,0.5,True,-0.3941
30,GhostFaceNet,ArcFace,dodging_attack,0.5552,0.309,0.5,True,-0.2461
30,GhostFaceNet,VGG-Face,dodging_attack,0.2953,0.1005,0.5,True,-0.1948
30,VGG-Face,Facenet512,dodging_attack,0.7043,-0.0163,0.5,True,-0.7206
30,VGG-Face,ArcFace,dodging_attack,0.5552,0.2812,0.5,True,-0.2739
30,VGG-Face,GhostFaceNet,dodging_attack,0.4336,0.177,0.5,True,-0.2565
33,Facenet512,ArcFace,dodging_attack,0.8753,0.7061,0.5,False,-0.1692
33,Facenet512,GhostFaceNet,dodging_attack,0.7139,0.5077,0.5,False,-0.2062
33,Facenet512,VGG-Face,dodging_attack,0.7582,0.546,0.5,False,-0.2122
33,ArcFace,Facenet512,dodging_attack,0.9277,0.8418,0.5,False,-0.0859
33,ArcFace,GhostFaceNet,dodging_attack,0.7139,0.5442,0.5,False,-0.1697
33,ArcFace,VGG-Face,dodging_attack,0.7582,0.5681,0.5,False,-0.1901
33,GhostFaceNet,Facenet512,dodging_attack,0.9277,0.8592,0.5,False,-0.0685
33,GhostFaceNet,ArcFace,dodging_attack,0.8753,0.747,0.5,False,-0.1283
33,GhostFaceNet,VGG-Face,dodging_attack,0.7582,0.7221,0.5,False,-0.0361
33,VGG-Face,Facenet512,dodging_attack,0.9277,0.7577,0.5,False,-0.17
33,VGG-Face,ArcFace,dodging_attack,0.8753,0.6316,0.5,False,-0.2437
33,VGG-Face,GhostFaceNet,dodging_attack,0.7139,0.5238,0.5,False,-0.1901
1,Facenet512,ArcFace,dodging_attack,0.3416,0.1862,0.5,True,-0.1554
1,Facenet512,GhostFaceNet,dodging_attack,0.3728,0.3252,0.5,True,-0.0476
1,Facenet512,VGG-Face,dodging_attack,0.4814,0.2223,0.5,True,-0.2591
1,ArcFace,Facenet512,dodging_attack,0.8228,0.7131,0.5,False,-0.1097
1,ArcFace,GhostFaceNet,dodging_attack,0.3728,0.3035,0.5,True,-0.0694
1,ArcFace,VGG-Face,dodging_attack,0.4814,0.3277,0.5,True,-0.1537
1,GhostFaceNet,Facenet512,dodging_attack,0.8228,0.8304,0.5,False,0.0076
1,GhostFaceNet,ArcFace,dodging_attack,0.3416,0.3115,0.5,True,-0.03
1,GhostFaceNet,VGG-Face,dodging_attack,0.4814,0.4317,0.5,True,-0.0497
1,VGG-Face,Facenet512,dodging_attack,0.8228,0.1644,0.5,True,-0.6584
1,VGG-Face,ArcFace,dodging_attack,0.3416,0.1756,0.5,True,-0.166
1,VGG-Face,GhostFaceNet,dodging_attack,0.3728,0.2343,0.5,True,-0.1386
4,Facenet512,ArcFace,dodging_attack,0.0179,0.0107,0.5,True,-0.0072
4,Facenet512,GhostFaceNet,dodging_attack,0.0382,0.0155,0.5,True,-0.0227
4,Facenet512,VGG-Face,dodging_attack,0.1986,0.1324,0.5,True,-0.0662
4,ArcFace,Facenet512,dodging_attack,0.5209,0.4281,0.5,True,-0.0929
4,ArcFace,GhostFaceNet,dodging_attack,0.0382,-0.0583,0.5,True,-0.0965
4,ArcFace,VGG-Face,dodging_attack,0.1986,0.2054,0.5,True,0.0069
4,GhostFaceNet,Facenet512,dodging_attack,0.5209,0.5163,0.5,False,-0.0046
4,GhostFaceNet,ArcFace,dodging_attack,0.0179,0.0189,0.5,True,0.0011
4,GhostFaceNet,VGG-Face,dodging_attack,0.1986,0.2013,0.5,True,0.0028
4,VGG-Face,Facenet512,dodging_attack,0.5209,0.2528,0.5,True,-0.2682
4,VGG-Face,ArcFace,dodging_attack,0.0179,0.0158,0.5,True,-0.002
4,VGG-Face,GhostFaceNet,dodging_attack,0.0382,0.0414,0.5,True,0.0032
7,Facenet512,ArcFace,dodging_attack,0.6302,0.3691,0.5,True,-0.2611
7,Facenet512,GhostFaceNet,dodging_attack,0.3731,0.1437,0.5,True,-0.2295
7,Facenet512,VGG-Face,dodging_attack,0.3336,0.1609,0.5,True,-0.1728
7,ArcFace,Facenet512,dodging_attack,0.6818,0.4129,0.5,True,-0.2689
7,ArcFace,GhostFaceNet,dodging_attack,0.3731,0.1907,0.5,True,-0.1825
7,ArcFace,VGG-Face,dodging_attack,0.3336,0.1784,0.5,True,-0.1553
7,GhostFaceNet,Facenet512,dodging_attack,0.6818,0.4551,0.5,True,-0.2267
7,GhostFaceNet,ArcFace,dodging_attack,0.6302,0.4634,0.5,True,-0.1668
7,GhostFaceNet,VGG-Face,dodging_attack,0.3336,0.2116,0.5,True,-0.1221
7,VGG-Face,Facenet512,dodging_attack,0.6818,0.2356,0.5,True,-0.4462
7,VGG-Face,ArcFace,dodging_attack,0.6302,0.2527,0.5,True,-0.3775
7,VGG-Face,GhostFaceNet,dodging_attack,0.3731,0.1374,0.5,True,-0.2357
10,Facenet512,ArcFace,dodging_attack,0.5862,0.4567,0.5,True,-0.1296
10,Facenet512,GhostFaceNet,dodging_attack,0.4007,0.2366,0.5,True,-0.1641
10,Facenet512,VGG-Face,dodging_attack,0.5039,0.2502,0.5,True,-0.2537
10,ArcFace,Facenet512,dodging_attack,0.7888,0.6733,0.5,False,-0.1155
10,ArcFace,GhostFaceNet,dodging_attack,0.4007,0.2536,0.5,True,-0.1471
10,ArcFace,VGG-Face,dodging_attack,0.5039,0.3647,0.5,True,-0.1392
10,GhostFaceNet,Facenet512,dodging_attack,0.7888,0.7313,0.5,False,-0.0575
10,GhostFaceNet,ArcFace,dodging_attack,0.5862,0.5152,0.5,False,-0.0711
10,GhostFaceNet,VGG-Face,dodging_attack,0.5039,0.391,0.5,True,-0.1129
10,VGG-Face,Facenet512,dodging_attack,0.7888,0.5468,0.5,False,-0.242
10,VGG-Face,ArcFace,dodging_attack,0.5862,0.4125,0.5,True,-0.1738
10,VGG-Face,GhostFaceNet,dodging_attack,0.4007,0.2382,0.5,True,-0.1624
11,Facenet512,ArcFace,dodging_attack,0.1998,0.1719,0.5,True,-0.0279
11,Facenet512,GhostFaceNet,dodging_attack,0.152,0.1279,0.5,True,-0.024
11,Facenet512,VGG-Face,dodging_attack,0.4585,0.2289,0.5,True,-0.2297
11,ArcFace,Facenet512,dodging_attack,0.7134,0.6808,0.5,False,-0.0326
11,ArcFace,GhostFaceNet,dodging_attack,0.152,0.1156,0.5,True,-0.0363
11,ArcFace,VGG-Face,dodging_attack,0.4585,0.3895,0.5,True,-0.069
11,GhostFaceNet,Facenet512,dodging_attack,0.7134,0.6219,0.5,False,-0.0915
11,GhostFaceNet,ArcFace,dodging_attack,0.1998,0.1688,0.5,True,-0.0311
11,GhostFaceNet,VGG-Face,dodging_attack,0.4585,0.3898,0.5,True,-0.0687
11,VGG-Face,Facenet512,dodging_attack,0.7134,0.3108,0.5,True,-0.4026
11,VGG-Face,ArcFace,dodging_attack,0.1998,0.1296,0.5,True,-0.0702
11,VGG-Face,GhostFaceNet,dodging_attack,0.152,0.1391,0.5,True,-0.0128
